,AIC,BIC,Functions_evaluated,Chi-squared,R_Squared,Coef_1,Coef_1_Err,Mu_1,Mu_1_Err,Coef_2,Coef_2_Err,Mu_2,Mu_2_Err,Coef_3,Coef_3_Err,Mu_3,Mu_3_Err,Coef_4,Coef_4_Err,Mu_4,Mu_4_Err,Coef_5,Coef_5_Err,Mu_5,Mu_5_Err
1-Poisson,-1382.671,-1376.788,150.0,0.007,-1.8734776042572974,0.31859126,0.040381,82.3364473,1.62527,NA,NA,NA,NA,NA,NA,NA,NA,NA,NA,NA,NA,NA,NA,NA,NA
2-Poisson,-1441.395,-1429.628,173.0,0.004,-0.3039770747082795,0.2436535,0.027825,44.097062,1.071291,0.31849022,0.032576,82.9568869,1.316935,NA,NA,NA,NA,NA,NA,NA,NA,NA,NA,NA,NA
3-Poisson,-1502.769,-1485.119,122.0,0.003,0.1561688938577387,0.21701648,0.022073,39.8482719,0.944353,0.24444698,0.025224,63.6008976,1.291485,0.28972069,0.027222,91.2799514,1.350116,NA,NA,NA,NA,NA,NA,NA,NA
4-Poisson,-1825.237,-1801.704,183.0,0.0,0.922461172274919,0.20108051,0.005752,20.1056272,0.182905,0.21522461,0.007045,41.23583,0.316154,0.24200418,0.008019,64.572374,0.426069,0.28605133,0.008607,91.7993588,0.437044,NA,NA,NA,NA
5-Poisson,-2179.211,-2149.795,80.0,0.0,0.9930690549374411,0.19950181,0.001618,20.0094477,0.052155,0.19870269,0.002152,40.0488526,0.108906,0.19693202,0.002868,59.6964149,0.212038,0.20696129,0.003581,80.075944,0.336928,0.19390541,0.004129,99.9729367,0.307413
