,AIC,BIC,Functions_evaluated,Chi-squared,N,N_err,P,P_err
1,-805.679,-801.558,537.0,0.0,50.0089003,0.054468,0.95248325,0.010555
2,-1060.361,-1055.623,661.0,0.0,99.8375293,0.111202,0.93235655,0.015719
3,-1427.042,-1421.812,717.0,0.0,149.925245,0.138964,0.87283584,0.01164
4,-1530.124,-1524.634,70.0,0.0,200.10515,0.182992,0.99573814,0.008789
5,-1759.878,-1754.097,84.0,0.0,250.075819,0.224487,0.99562774,0.006509
