,AIC,BIC,Functions_evaluated,Chi-squared,Mu,Mu_err
1,-790.329,-788.269,9.0,0.0,50.0089003,0.054468
2,-1046.143,-1043.773,11.0,0.0,99.8375293,0.111202
3,-1354.393,-1351.778,11.0,0.0,149.925245,0.138964
4,-1528.804,-1526.059,11.0,0.0,200.10515,0.182992
5,-1758.384,-1755.493,11.0,0.0,250.075819,0.224487
