,AIC,BIC,Functions_evaluated,Chi-squared,N,N_err,P,P_err
1,-284.417,-282.061,249.0,0.0,9.98044068,0.037057,0.99794646,0.020213
2,-472.337,-469.17,197.0,0.0,20.0837874,0.034027,0.99749169,0.013729
3,-587.245,-583.677,81.0,0.0,30.0803964,0.041922,0.99560234,0.011665
4,-676.22,-672.396,28.0,0.0,40.105892,0.047902,0.99589506,0.012459
5,-727.381,-723.366,533.0,0.0,50.0334692,0.067566,0.97125175,0.014978
