,AIC,BIC,Functions_evaluated,Chi-squared,Mu,Mu_err
1,-286.556,-285.378,9.0,0.0,9.98044068,0.037057
2,-474.581,-472.997,9.0,0.0,20.0837874,0.034027
3,-588.702,-586.917,9.0,0.0,30.0803964,0.041922
4,-677.431,-675.519,9.0,0.0,40.105892,0.047902
5,-725.736,-723.728,9.0,0.0,50.0334692,0.067566
