,AIC,BIC,Functions_evaluated,Chi-squared,N,N_err,P,P_err
1,-1147.76,-1142.898,671.0,0.0,99.973365,0.100404,0.93271214,0.013915
2,-1588.361,-1582.889,743.0,0.0,199.875113,0.169398,0.87490508,0.013833
3,-1996.079,-1990.084,50.0,0.0,299.922381,0.226688,0.99580224,0.008075
4,-2382.395,-2376.02,36.0,0.0,399.709134,0.306797,0.99614653,0.003711
5,-2634.898,-2628.321,49.0,0.0,499.649981,0.363263,0.99582334,0.003203
