,AIC,BIC,Functions_evaluated,Chi-squared,Mu,Mu_err
1,-1129.75,-1127.319,9.0,0.0,99.973365,0.100404
2,-1532.905,-1530.169,11.0,0.0,199.875113,0.169398
3,-1994.292,-1991.295,11.0,0.0,299.922381,0.226688
4,-2381.033,-2377.846,13.0,0.0,399.709134,0.306797
5,-2633.274,-2629.986,13.0,0.0,499.649981,0.363263
