,AIC,BIC,Functions_evaluated,Chi-squared,N,N_err,P,P_err
1,-51.68,-51.075,242.0,0.038,1.99397447,0.273232,0.99947462,0.213239
2,-133.041,-131.763,245.0,0.001,3.94446778,0.059359,0.94566795,0.047905
3,-204.276,-202.61,264.0,0.0,5.97782094,0.027243,0.95903113,0.015412
4,-278.507,-276.418,328.0,0.0,7.99030113,0.02152,0.96106847,0.008982
5,-298.529,-296.173,34.0,0.0,10.0303049,0.027811,0.9961313,0.013347
