,AIC,BIC,Functions_evaluated,Chi-squared,Mu,Mu_err
1,-53.685,-53.383,11.0,0.038,1.99397447,0.273232
2,-133.608,-132.969,11.0,0.001,3.94446778,0.059359
3,-199.852,-199.018,9.0,0.0,5.97782094,0.027243
4,-266.329,-265.285,9.0,0.0,7.99030113,0.02152
5,-300.516,-299.338,9.0,0.0,10.0303049,0.027811
