,AIC,BIC,Functions_evaluated,Chi-squared,N,N_err,P,P_err
1,-551.971,-548.496,454.0,0.0,24.9804729,0.041311,0.97879077,0.013086
2,-820.58,-816.392,490.0,0.0,49.98782,0.055868,0.96500341,0.011808
3,-952.684,-948.103,631.0,0.0,75.0118709,0.103888,0.9429651,0.017714
4,-1040.127,-1035.413,612.0,0.0,99.9355197,0.118995,0.92183248,0.016282
5,-1284.242,-1279.176,660.0,0.0,124.99639,0.114947,0.91821351,0.013553
