,AIC,BIC,Functions_evaluated,Chi-squared,Mu,Mu_err
1,-551.371,-549.633,9.0,0.0,24.9804729,0.041311
2,-814.531,-812.437,9.0,0.0,49.98782,0.055868
3,-945.196,-942.905,9.0,0.0,75.0118709,0.103888
4,-1022.438,-1020.081,9.0,0.0,99.9355197,0.118995
5,-1256.937,-1254.404,7.0,0.0,124.99639,0.114947
