,AIC,BIC,Functions_evaluated,Chi-squared,N,N_err,P,P_err
1,-182.973,-181.428,238.0,0.0,4.97765362,0.026372,0.98791429,0.02008
2,-288.607,-286.251,341.0,0.0,9.92239638,0.036138,0.96910469,0.017788
3,-438.55,-435.498,396.0,0.0,15.0046347,0.0326,0.97236447,0.012919
4,-419.145,-416.152,461.0,0.0,20.0037781,0.04371,0.97382667,0.015276
5,-503.653,-500.378,442.0,0.0,24.98923,0.043123,0.95906662,0.012193
