,AIC,BIC,Functions_evaluated,Chi-squared,Mu,Mu_err
1,-184.567,-183.795,9.0,0.0,4.97765362,0.026372
2,-287.548,-286.37,9.0,0.0,9.92239638,0.036138
3,-436.092,-434.566,9.0,0.0,15.0046347,0.0326
4,-418.225,-416.729,7.0,0.0,20.0037781,0.04371
5,-495.524,-493.886,9.0,0.0,24.98923,0.043123
